{"cameraMode":{"drawMode":0,"name":"Shaded","section":"Shading Mode"},"sceneLighting":false,"audioPlay":false,"sceneViewState":{"showFog":true,"showMaterialUpdate":false,"showSkybox":true,"showFlares":true,"showImageEffects":true,"showParticleSystems":true},"in2DMode":false,"pivot":{"x":-0.006164759397506714,"y":6.078633785247803,"z":2.3421077728271486},"rotation":{"x":-0.11994433403015137,"y":0.03664268180727959,"z":-0.0043849335052073,"w":-0.9921407699584961},"size":1.5073950290679932,"orthographic":false}